Project Number	Status	URL
	ACCESSIBLE	https://riotinto.sharepoint.com/sites/5060554/P0512777GNAM%20Dewatering%202026/Forms/AllItems.aspx
	ACCESSIBLE	https://riotinto.sharepoint.com/sites/P-0602838WestAngelasSIBins3-5RemediationProject
	ACCESS DENIED	https://riotinto.sharepoint.com/sites/5061599
	ACCESSIBLE	https://riotinto.sharepoint.com/:f:/r/sites/5033474/Shared%20Documents/P-0506770%20%26%20P-0300564%20Rail%20Response%20Hub%20Upgrade%20Phase%201/_External%20Collaboration%20Sites?csf=1&web=1&e=Offa0c
	ACCESSIBLE	https://riotinto.sharepoint.com/sites/5060554/P0350834%20%20D6%20Pressure%20Vessel%20Hazards
	ACCESSIBLE	https://riotinto.sharepoint.com/sites/5060609/P0350835
	ACCESSIBLE	https://riotinto.sharepoint.com/sites/5060555/P0350838
	ACCESSIBLE	https://riotinto.sharepoint.com/sites/5061677/P0503317%20%20EII%2019E%20Tripper%20Electrical%20Upgrade/Forms/AllItems.aspx
	ACCESSIBLE	https://riotinto.sharepoint.com/sites/5060641/P0504229%20%202%20%203%20Road%20Remote%20Isolations/Forms/AllItems.aspx
	ACCESSIBLE	https://riotinto.sharepoint.com/sites/5060609/P0504854/Forms/AllItems.aspx
	ACCESSIBLE	https://riotinto.sharepoint.com/sites/5060555/P0505085%20%20PBO%20CV41%20Sample%20Station%20Improvements
	ACCESSIBLE	https://riotinto.sharepoint.com/sites/5060609/P0505161%20%202019%20Bridge%20Upgrades%20%20HI/Forms/AllItems.aspx
	ACCESSIBLE	https://riotinto.sharepoint.com/sites/5060611/P0505524/Forms/AllItems.aspx
	ACCESSIBLE	https://riotinto.sharepoint.com/sites/P-0505607-HBDUpgradeandInfill/External%20Collaboration%20Access%20Links/Forms/AllItems.aspx
	ACCESSIBLE	https://riotinto.sharepoint.com/sites/5061467/P0506357%20%20Rocklea%20Palms%20Expansion/Forms/AllItems.aspx
	ACCESSIBLE	https://riotinto.sharepoint.com/sites/5060611/P0506700/Forms/AllItems.aspx
	ACCESSIBLE	https://riotinto.sharepoint.com/sites/5061635/P0506770%20%20Rail%20Response%20Hub%20Upgrade%20%20HI
	ACCESSIBLE	https://riotinto.sharepoint.com/sites/5060751/P0507126%20%20Yandi%20Simulator/Forms/AllItems.aspx
	ACCESSIBLE	https://riotinto.sharepoint.com/sites/5060641/P0507137%20%20ICSS%20Radio%20Obsolescece%20%20Phase%202/Forms/AllItems.aspx
	ACCESSIBLE	https://riotinto.sharepoint.com/sites/5060641/P0507751P0603009/Forms/AllItems.aspx
	ACCESSIBLE	https://riotinto.sharepoint.com/sites/5061609/SitePages/Home.aspx#p-0507771-b4-marra-mamba-dewatering
	ACCESSIBLE	https://riotinto.sharepoint.com/sites/5060554/P0507773%20%202M2AM%20Crane%20Pad%20and%20Retaining%20Wall/Forms/AllItems.aspx
	ACCESSIBLE	https://riotinto.sharepoint.com/sites/5060293/P0507918%20%20EII%20GTU%20Project%20Phase%202/Forms/AllItems.aspx
	ACCESSIBLE	https://riotinto.sharepoint.com/sites/5060956/SitePages/Home.aspx
	ACCESSIBLE	https://riotinto.sharepoint.com/sites/5060957/SitePages/Home.aspx
	ACCESSIBLE	https://riotinto.sharepoint.com/sites/5060651/P0508544%20%20Yandi%20JSE%20Turkeys%20Nest/Forms/AllItems.aspx
	ACCESSIBLE	https://riotinto.sharepoint.com/sites/5060619/P0508700%20%20TP%2082%20STK%20Rail%20Rectification/Forms/AllItems.aspx
	ACCESSIBLE	https://riotinto.sharepoint.com/sites/5060555/P0508746%20%207%20Mile%20Roads%20Sealing/Forms/AllItems.aspx
	ACCESSIBLE	https://riotinto.sharepoint.com/sites/5062429/P0508792/Forms/AllItems.aspx
	ACCESSIBLE	https://riotinto.sharepoint.com/sites/5060613/P0508798%20%20Marandoo%20Powerline%20TC07%20Relocation%20Phase/Forms/AllItems.aspx
	ACCESSIBLE	https://riotinto.sharepoint.com/sites/5060613/P0508813%20%206%20Mile%20MFBW%20Maintenance/Forms/AllItems.aspx
	ACCESSIBLE	https://riotinto.sharepoint.com/sites/5060856/SitePages/ProjectHome.aspx
	ACCESSIBLE	https://riotinto.sharepoint.com/sites/5060554/P0508867GBO%20Dewatering/Forms/AllItems.aspx
	ACCESSIBLE	https://riotinto.sharepoint.com/:f:/r/sites/5061389/P0508955%20%20Yandi%20YCV213%20Structural%20Failure/_External%20Collaboration%20Site%20Links?csf=1&web=1&e=Zirmyh
	ACCESSIBLE	https://riotinto.sharepoint.com/sites/5060555/P0509010%20%20Yandi%20HVAC%20Upgrades%20Phase%202/Forms/AllItems.aspx
	ACCESSIBLE	https://riotinto.sharepoint.com/sites/5060554/P0509237%20%20Ti%20Tree%20Camp%20Dry%20Mess%20Upgrade/Forms/AllItems.aspx
	ACCESSIBLE	https://riotinto.sharepoint.com/sites/5060208/SitePages/Home.aspx
	ACCESSIBLE	https://riotinto.sharepoint.com/sites/5060555/P0509503%20%207%20Mile%20Automatic%20Wash%20Rack/Forms/AllItems.aspx
	ACCESSIBLE	https://riotinto.sharepoint.com/sites/5060596/P0509527%20%20PPT%20Tug%20Haven/Forms/AllItems.aspx
	ACCESSIBLE	https://riotinto.sharepoint.com/sites/5060596/P0509548%20Bina%20Bina%20Access%20Road%20Upgrade
	ACCESSIBLE	https://riotinto.sharepoint.com/sites/5060596/P0509592/Forms/AllItems.aspx
	ACCESSIBLE	https://riotinto.sharepoint.com/sites/5060554/P0509804/Forms/AllItems.aspx
	ACCESSIBLE	https://riotinto.sharepoint.com/sites/5061316/P0509893/Forms/AllItems.aspx
	ACCESSIBLE	https://riotinto.sharepoint.com/sites/5060554/P0509961%20%20Yandi%20DB%20Upgrades%20Stage%202
	ACCESSIBLE	https://riotinto.sharepoint.com/sites/5061609/P0510032%20%20BGER/Forms/AllItems.aspx
	ACCESSIBLE	https://riotinto.sharepoint.com/sites/5062264/SitePages/Home.aspx
	ACCESSIBLE	https://riotinto.sharepoint.com/sites/5061609/SitePages/Home.aspx
	ACCESSIBLE	https://riotinto.sharepoint.com/sites/5060613/P0510147%20%20Train%20Loadout%20Track%20Scales/Forms/AllItems.aspx
	ACCESSIBLE	https://riotinto.sharepoint.com/sites/5060613/P0510201%20%20%20LEF%20North%20Cutback%20Infrastructure%20Reloca/Forms/AllItems.aspx
	ACCESSIBLE	https://riotinto.sharepoint.com/sites/5062264/SitePages/Home.aspx
	ACCESSIBLE	https://riotinto.sharepoint.com/sites/5061849/P0510398%20%20PBO%20Rocklea%20Pastoral%20Station%20Cattle%20Yard
	ACCESSIBLE	https://riotinto.sharepoint.com/sites/5060554/P0510408%20%20EII%20Recycled%20Water%20Systems/Forms/AllItems.aspx
	ACCESSIBLE	https://riotinto.sharepoint.com/sites/5060555/P0510460%20%20TP%20S144%20Float%20Screen%20S144%20EOL%20Replacemen/Forms/AllItems.aspx
	ACCESSIBLE	https://riotinto.sharepoint.com/sites/5062191/SitePages/Home.aspx
	ACCESSIBLE	https://riotinto.sharepoint.com/sites/5060555/P0511030%20%20B2%20Rail%20Loop%20Realignment
	ACCESSIBLE	https://riotinto.sharepoint.com/sites/5060554/P0511093B4%20Dewatering%202025/Forms/AllItems.aspx
	ACCESSIBLE	https://riotinto.sharepoint.com/sites/5060600/P0511256/Forms/AllItems.aspx
	ACCESSIBLE	https://riotinto.sharepoint.com/sites/5061975/P0511306%20%20TP%2042BWR%20Stability%20Ratio%20Remediation/Forms/AllItems.aspx
	ACCESSIBLE	https://riotinto.sharepoint.com/sites/5062738/P0511741Aurecon/Forms/AllItems.aspx
	ACCESSIBLE	https://riotinto.sharepoint.com/sites/5062738/SitePages/Home.aspx
	ACCESSIBLE	https://riotinto.sharepoint.com/sites/5062738/Managed%20Recharge/Forms/AllItems.aspx
	ACCESSIBLE	https://riotinto.sharepoint.com/sites/5060555/P0511897/Forms/AllItems.aspx
	ACCESSIBLE	https://riotinto.sharepoint.com/sites/5060555/P0512639/Forms/AllItems.aspx
	ACCESSIBLE	https://riotinto.sharepoint.com/sites/5060293/P0601637%20%20CL%20Guarding%20Phase%202/Forms/AllItems.aspx
	ACCESSIBLE	https://riotinto.sharepoint.com/sites/5060293/P0602208%20%20CL%20Hawser%20Rails%20Project/Forms/AllItems.aspx
	ACCESSIBLE	https://riotinto.sharepoint.com/sites/5060609/P0602251%20%20CLA%20SL2C%20Maintenance%20Deck%20Upgrade/Forms/AllItems.aspx
	ACCESSIBLE	https://riotinto.sharepoint.com/sites/5060293/P0602392%20%20CLA%20GTU%20Project%20Phase%202/Forms/AllItems.aspx
	ACCESSIBLE	https://riotinto.sharepoint.com/sites/5060641/P0507751P0603009/Forms/AllItems.aspx
	ACCESSIBLE	https://riotinto.sharepoint.com/sites/5060293/P0603155%20%20CLA%20GTU%20Rectification%20Phase%203
	ACCESSIBLE	https://riotinto.sharepoint.com/sites/5060554/P0603180%20%20CLA%20Yard%20Balanced%20Machines/Forms/AllItems.aspx
	ACCESSIBLE	https://riotinto.sharepoint.com/sites/5060293/P0603243%20%20CLA%20Tertiary%20Bin%202/Forms/AllItems.aspx
	ACCESSIBLE	https://riotinto.sharepoint.com/sites/5060596/P0603253%20%20Mesa%20A%20Flood%20Protection/Forms/AllItems.aspx
	ACCESSIBLE	https://riotinto.sharepoint.com/sites/5060293/P0603425%20%20Scaffold%20Reduction%20Phase%204/Forms/AllItems.aspx
	ACCESSIBLE	https://riotinto.sharepoint.com/sites/5060641/P0603432%20%20Cape%20Lambert%20Axle%20Counters/Forms/AllItems.aspx
	ACCESSIBLE	https://riotinto.sharepoint.com/sites/5061388/P0603665%20%20Mesa%20A%20Conveyor%20Spillage%20Remediation%20Wor/Forms/AllItems.aspx
	ACCESSIBLE	https://riotinto.sharepoint.com/sites/5060613/P0604062%20%20Mesa%20J%20MEM%20Water%20Network%20Upgrade/Forms/AllItems.aspx
	ACCESSIBLE	https://riotinto.sharepoint.com/sites/5061311/P0604063%20%20Mesa%20AJ%20Intertrip%20and%20Gas%20Suppression/Forms/AllItems.aspx
	ACCESSIBLE	https://riotinto.sharepoint.com/sites/5060596/P0604090
	ACCESSIBLE	https://riotinto.sharepoint.com/sites/5060554/P0604146%20%20WAN%20Switchboards%20End%20of%20Life/Forms/AllItems.aspx
	ACCESSIBLE	https://riotinto.sharepoint.com/sites/5060208/SitePages/Home.aspx
	ACCESSIBLE	https://riotinto.sharepoint.com/sites/5060554/P0604167%20%20WAN%20Fire%20Water_Pot%20Water%20Network%20Sep/Forms/AllItems.aspx
	ACCESSIBLE	https://riotinto.sharepoint.com/sites/5061635/P0604195%20%20Rail%20Response%20Hub%20Upgrade%20%20RO%20WAN
	ACCESSIBLE	https://riotinto.sharepoint.com/sites/5060596/P0604256/Forms/AllItems.aspx
	ACCESSIBLE	https://riotinto.sharepoint.com/sites/5060611/P0604299%20%20Mesa%20J%20TLO%20Switchroom%20Upgrade
	ACCESSIBLE	https://riotinto.sharepoint.com/sites/5061626/P0604748%20%20WAN%20Wintamarra%20Camp%20Relocation/Forms/AllItems.aspx
	ACCESSIBLE	https://riotinto.sharepoint.com/sites/5060596/P0604791/Forms/AllItems.aspx
	ACCESSIBLE	https://riotinto.sharepoint.com/sites/5060554/P0604823/Forms/AllItems.aspx
	ACCESSIBLE	https://riotinto.sharepoint.com/sites/5062593/P0604843/Forms/AllItems.aspx
	ACCESSIBLE	https://riotinto.sharepoint.com/sites/5060596/P0700964/Forms/AllItems.aspx
	ACCESSIBLE	https://riotinto.sharepoint.com/sites/5060611/P0701002/Forms/AllItems.aspx
	ACCESSIBLE	https://riotinto.sharepoint.com/sites/5060596/P0701999HD1%20ROM%20Bins%20Strengthening/Forms/AllItems.aspx
	ACCESSIBLE	https://riotinto.sharepoint.com/sites/5060555/P0800051%20%20GD%20Western%20Rail%20Corridor%20WRC
	ACCESSIBLE	https://riotinto.sharepoint.com/sites/5060554/P0800385GD%20MEM%20Workshop%20Extension/Forms/AllItems.aspx?npsAction=createList
	ACCESSIBLE	https://riotinto.sharepoint.com/sites/5062171/DCRP/Forms/AllItems.aspx
	ACCESSIBLE	https://riotinto.sharepoint.com/sites/5061904/SitePages/Home.aspx
	ACCESSIBLE	https://riotinto.sharepoint.com/sites/5061926/Marine%20SI%20Program/Forms/AllItems.aspx
	ACCESSIBLE	https://riotinto.sharepoint.com/sites/5062093/SitePages/Home.aspx
	ACCESSIBLE	https://riotinto.sharepoint.com/sites/5061475/N0001403%20%20Hitachi%20Operator%20Assist/Forms/AllItems.aspx
	ACCESSIBLE	https://riotinto.sharepoint.com/sites/5062264/SitePages/Home.aspx
	ACCESSIBLE	https://riotinto.sharepoint.com/sites/5048597/Lists/RTIOSCHub%20Projects%20List/00SCIM%20REQUESTS%20%202Processing%20View.aspx?view=7&q=p%2D0602002
	ACCESSIBLE	https://riotinto.sharepoint.com/sites/5061440/P0603354%20%20WADCD%20to%20WADA%20Transfer%20line/Forms/AllItems.aspx
	ACCESSIBLE	https://riotinto.sharepoint.com/sites/5060600/P0603661%20%20MESA%20A%20%20SS%20%20MEM%20Fire%20System%20Upgrade/Forms/AllItems.aspx
	ACCESSIBLE	https://riotinto.sharepoint.com/sites/5061480/SitePages/ProjectHome.aspx
	ACCESSIBLE	https://riotinto.sharepoint.com/sites/5061467/P0700574/Forms/AllItems.aspx
	ACCESSIBLE	https://riotinto.sharepoint.com/sites/5060596/P0800159Yandi%20Gudai%20Darri/Forms/AllItems.aspx
	ACCESSIBLE	https://riotinto.sharepoint.com/sites/5060596/N1101621/Forms/AllItems.aspx
	ACCESSIBLE	https://riotinto.sharepoint.com/sites/5060641/P0300540/Forms/AllItems.aspx
	ACCESSIBLE	https://riotinto.sharepoint.com/sites/5060555/P0300737/Forms/AllItems.aspx
	ACCESSIBLE	https://riotinto.sharepoint.com/sites/5060554/P0350836%20%20Fire%20System%20Gas%20Suppression%20Upgrade/Forms/AllItems.aspx
	ACCESSIBLE	https://riotinto.sharepoint.com/sites/5063275/P0350836Fire%20Systems%20Gaseous%20Suppression%20Phase%201/Forms/AllItems.aspx
	ACCESSIBLE	https://riotinto.sharepoint.com/sites/5060596/P0350917/Forms/AllItems.aspx
	ACCESSIBLE	https://riotinto.sharepoint.com/sites/5060918/P0505142
	ACCESSIBLE	https://riotinto.sharepoint.com/sites/5060555/P0505819%20%20PBO%20Belt%20Reeling%20Platforms/Forms/AllItems.aspx
	ACCESSIBLE	https://riotinto.sharepoint.com/sites/5061485/SitePages/Home.aspx
	ACCESSIBLE	https://riotinto.sharepoint.com/sites/5060555/P0507540/Forms/AllItems.aspx
	ACCESSIBLE	https://riotinto.sharepoint.com/sites/5060609/P0507548/Forms/AllItems.aspx
	ACCESSIBLE	https://riotinto.sharepoint.com/sites/5060596/P0507772/Forms/AllItems.aspx
	ACCESSIBLE	https://riotinto.sharepoint.com/sites/5062980/P0507786WAN%20CEPS%20surplus%20water%20storage/Forms/AllItems.aspx
	ACCESSIBLE	https://riotinto.sharepoint.com/sites/5063047/P0507786MDO%20Southern%20WFSF%20Stage%202%20Raise/Forms/AllItems.aspx
	ACCESSIBLE	https://riotinto.sharepoint.com/sites/5060960/SitePages/Home.aspx
	ACCESSIBLE	https://riotinto.sharepoint.com/sites/5061401/P0507953/Forms/AllItems.aspx
	ACCESSIBLE	https://riotinto.sharepoint.com/sites/5060596/P0508433%20%20PBO%20Tramp%20Metal%20Magnet%20CV2%20and%20CV3/Forms/AllItems.aspx
	ACCESSIBLE	https://riotinto.sharepoint.com/sites/5061454/SitePages/Home.aspx
	ACCESSIBLE	https://riotinto.sharepoint.com/sites/GPOProjectDeliveryTeam/P0508537%20%20PBO%20COS%20Tunnel%20Vent_Dust%20Collect/Forms/AllItems.aspx
	ACCESSIBLE	https://riotinto.sharepoint.com/sites/5060596/P0508700TP%20STK82%20Rail%20Rectification%20Project/Forms/AllItems.aspx
	ACCESSIBLE	https://riotinto.sharepoint.com/sites/5063105
	ACCESSIBLE	https://riotinto.sharepoint.com/sites/5060596/P0508859%20%20MGD5%20Diversion%20Drain/Forms/AllItems.aspx
	ACCESSIBLE	https://riotinto.sharepoint.com/sites/5062923#
	ACCESSIBLE	https://riotinto.sharepoint.com/sites/5060554/P0508927/Forms/AllItems.aspx
	ACCESSIBLE	https://riotinto.sharepoint.com/sites/5061288/P0509110/Forms/AllItems.aspx
	ACCESSIBLE	https://riotinto.sharepoint.com/sites/5060555/P0509110/Forms/AllItems.aspx
	ACCESSIBLE	https://riotinto.sharepoint.com/sites/5062878/SitePages/Home.aspx
	ACCESSIBLE	https://riotinto.sharepoint.com/sites/5061727/P0509579/Forms/AllItems.aspx
	ACCESSIBLE	https://riotinto.sharepoint.com/sites/5060596/P0509966%20%20426%20MLLHR%20Grade%20Separation%20%20HD1S/Forms/AllItems.aspx
	ACCESSIBLE	https://riotinto.sharepoint.com/sites/5061609/SitePages/Home.aspx#p-0510101-b4-marra-mamba-fixed-plant-upgrades
	ACCESSIBLE	https://riotinto.sharepoint.com/sites/5060596/P0510622/Forms/AllItems.aspx
	ACCESSIBLE	https://riotinto.sharepoint.com/sites/5060611/P0511096B4%20Water%20Conveyance%20Network/Forms/AllItems.aspx
	ACCESSIBLE	https://riotinto.sharepoint.com/sites/5062738/SitePages/Home.aspx
	ACCESSIBLE	https://riotinto.sharepoint.com/sites/5060554/P0512238
	ACCESSIBLE	https://riotinto.sharepoint.com/sites/5062814/SitePages/Home.aspx
	ACCESSIBLE	https://riotinto.sharepoint.com/sites/5060554/P0513443TP%20AWTP%20LG%20Plant%20Decoupling/Forms/AllItems.aspx
	ACCESSIBLE	https://riotinto.sharepoint.com/sites/5061718/P0601919/Forms/AllItems.aspx
	ACCESSIBLE	https://riotinto.sharepoint.com/sites/5061316/P0602626/Forms/AllItems.aspx
	ACCESSIBLE	https://riotinto.sharepoint.com/:f:/r/sites/5061395/P0603352/_External%20Collaboration%20Site%20Links?csf=1&web=1&e=un773N
	ACCESSIBLE	https://riotinto.sharepoint.com/sites/5060611/P0603621
	ACCESSIBLE	https://riotinto.sharepoint.com/sites/5061388/P0603646/Forms/AllItems.aspx
	ACCESSIBLE	https://riotinto.sharepoint.com/sites/5060555/P0603998/Forms/AllItems.aspx
	ACCESSIBLE	https://riotinto.sharepoint.com/sites/5062345/P0604275/Forms/AllItems.aspx
	ACCESSIBLE	https://riotinto.sharepoint.com/sites/5060641/P0605118Asset Protection UpgradePhase 1/Forms/AllItems.aspx
	ACCESSIBLE	https://riotinto.sharepoint.com/sites/5060554/P0605212
	ACCESSIBLE	https://riotinto.sharepoint.com/sites/5060554/P0605624WAN%20Stockyard%20Water%20Line%20Replacement/Forms/AllItems.aspx?npsAction=createList
	ACCESSIBLE	https://riotinto.sharepoint.com/sites/5060596/P0700960/Forms/AllItems.aspx
	ACCESSIBLE	https://riotinto.sharepoint.com/sites/5060596/P0700962/Forms/AllItems.aspx
	ACCESSIBLE	https://riotinto.sharepoint.com/sites/5060596/P0700963
	ACCESSIBLE	https://riotinto.sharepoint.com/sites/5060554/P0700964HD1%20Dewatering%202026/Forms/AllItems.aspx
	ACCESSIBLE	https://riotinto.sharepoint.com/sites/5061520/P0701011/Forms/AllItems.aspx
	ACCESSIBLE	https://riotinto.sharepoint.com/sites/5063066
	ACCESSIBLE	https://riotinto.sharepoint.com/sites/5060611/P0701016/Forms/AllItems.aspx
	ACCESSIBLE	https://riotinto.sharepoint.com/:f:/r/sites/5061520/P0701382/_External%20Collaboration%20Site%20Links?csf=1&web=1&e=AaBKwN
	ACCESSIBLE	https://riotinto.sharepoint.com/:f:/r/sites/5061520/P0701393/_External%20Collaboration%20Site%20Links?csf=1&web=1&e=gmftaX
	ACCESSIBLE	https://riotinto.sharepoint.com/sites/5062933/P0701393HD4%20Early%20Tonnes/Forms/AllItems.aspx
	NOT A SHAREPOINT SITE	https://riotinto.sharepoint.comhttps://teams.microsoft.com/l/channel/19%3AlR9nRMQJ5zriSonHxnqO02XMkYQAaMRT3vaOxnMLl7A1%40thread.tacv2/P-0701393-HD4%20Collaboration%20with%20Milton%20Futures?groupId=1d5e5dae-bea9-4889-8a82-d7087173986e&tenantId=4341df80-fbe6-41bf-89b0-e6e2379c9c23
	ACCESSIBLE	https://riotinto.sharepoint.com/sites/5061703/P0701393HD4%20Early%20Tonnes/Forms/AllItems.aspx
	ACCESSIBLE	https://riotinto.sharepoint.com/sites/5063034/P0701393HD4%20Early%20Tonnes/Forms/AllItems.aspx
	ACCESSIBLE	https://riotinto.sharepoint.com/sites/5060554/P0701443
	ACCESSIBLE	https://riotinto.sharepoint.com/sites/5060555/P0800159%20%20GD%20Warrie%20Development/Forms/AllItems.aspx
	ACCESSIBLE	https://riotinto.sharepoint.com/sites/5061440/P0800159GD%20Warrie%20Project%20Development/Forms/AllItems.aspx
	ACCESSIBLE	https://riotinto.sharepoint.com/sites/5062338
	ACCESSIBLE	https://riotinto.sharepoint.com/sites/5062528/P0800174/Forms/AllItems.aspx
	ACCESSIBLE	https://riotinto.sharepoint.com/sites/5062198/SitePages/Home.aspx
	ACCESSIBLE	https://riotinto.sharepoint.com/sites/5060554/P0800320/Forms/AllItems.aspx
	ACCESSIBLE	https://riotinto.sharepoint.com/sites/5060555/P0800382GD%20Belele%20Development/Forms/AllItems.aspx?npsAction=createList
	ACCESSIBLE	https://riotinto.sharepoint.com/sites/5062434/C0505411/Forms/AllItems.aspx
	ACCESSIBLE	https://riotinto.sharepoint.com/sites/5062498/SitePages/Home.aspx
	ACCESSIBLE	https://riotinto.sharepoint.com/sites/5061408/P0300713MLGD%20Water%20Shadow%20Drainage/Forms/AllItems.aspx
	ACCESSIBLE	https://riotinto.sharepoint.com/sites/5062382/N1102157Bakers Hill Stage 2/Forms/AllItems.aspx
	ACCESSIBLE	https://riotinto.sharepoint.com/sites/5062448/P0300505/Forms/AllItems.aspx
	ACCESSIBLE	https://riotinto.sharepoint.com/:f:/r/sites/5033474/Shared%20Documents/P-0300505%20-%20Extra%20MFS%20Wagons/_Links%20to%20External%20Collaboration%20Sites?csf=1&web=1&e=qStN4J
	ACCESSIBLE	https://riotinto.sharepoint.com/sites/5060555/P0300713MLGD%20Water%20Shadow%20Drainage/Forms/AllItems.aspx
	ACCESSIBLE	https://riotinto.sharepoint.com/sites/5061408/P0300713MLGD%20Water%20Shadow%20Drainage/Forms/AllItems.aspx
	ACCESSIBLE	https://riotinto.sharepoint.com/sites/5062488/P0300719/Forms/AllItems.aspx
	ACCESSIBLE	https://riotinto.sharepoint.com/sites/5062732/P0300719/Forms/AllItems.aspx
	ACCESSIBLE	https://riotinto.sharepoint.com/sites/5061408/P0300741/Forms/AllItems.aspx
	ACCESSIBLE	https://riotinto.sharepoint.com/sites/5062435/P0350792/Forms/AllItems.aspx
	ACCESSIBLE	https://riotinto.sharepoint.com/sites/5061584
	ACCESSIBLE	https://riotinto.sharepoint.com/sites/5062818/P0504885/Forms/AllItems.aspx
	ACCESSIBLE	https://riotinto.sharepoint.com/sites/5060293/P0504886PBO%20SI%20Remediation%20P3/Forms/AllItems.aspx
	ACCESSIBLE	https://riotinto.sharepoint.com/:f:/r/sites/5061610/P0506287%20%20B4%20ANFO%20Facility%20Relocation/_External%20Collaboration%20Site%20Links?csf=1&web=1&e=na2EpL
	ACCESSIBLE	https://riotinto.sharepoint.com/sites/5061609/P0506287Liberty%20Industrial/Forms/AllItems.aspx
	ACCESSIBLE	https://riotinto.sharepoint.com/sites/5062993/P0507253Jerriwah Village Expansion/Forms/AllItems.aspx
	ACCESSIBLE	https://riotinto.sharepoint.com/sites/5062713/Byblos%20Group/Forms/AllItems.aspx
	ACCESSIBLE	https://riotinto.sharepoint.com/sites/5062713/P0507253Austral/Forms/AllItems.aspx
	ACCESSIBLE	https://riotinto.sharepoint.com/sites/5060656/P0507467/Forms/AllItems.aspx
	ACCESSIBLE	https://riotinto.sharepoint.com/sites/5061727/P0507631%20%20Yandi%20SI%20Remediation%20%20Phase%20III
	ACCESSIBLE	https://riotinto.sharepoint.com/sites/5061077/SitePages/Home.aspx
	ACCESSIBLE	https://riotinto.sharepoint.com/sites/5060890/P0507921/Forms/AllItems.aspx
	ACCESSIBLE	https://riotinto.sharepoint.com/sites/5060641/P0508150%20%20GCP3000%20LX%20Upgrade%20%20Phase%202/Forms/AllItems.aspx
	ACCESSIBLE	https://riotinto.sharepoint.com/sites/RoadTrain/SitePages/Home.aspx
	ACCESSIBLE	https://riotinto.sharepoint.com/sites/5062311/P0508316/Forms/AllItems.aspx
	ACCESSIBLE	https://riotinto.sharepoint.com/:f:/r/sites/5061518/P0508368/_External%20Collaboration%20Site%20Links?csf=1&web=1&e=16IUdg
	ACCESSIBLE	https://riotinto.sharepoint.com/sites/5061839/P0508369/Forms/AllItems.aspx
	ACCESSIBLE	https://riotinto.sharepoint.com/sites/5062124/P0508503
	ACCESSIBLE	https://riotinto.sharepoint.com/sites/5060293/P0508537PBO%20COS%20Tunnels%20Dust%20Collector%20Ventilation%20Proj/Forms/AllItems.aspx
	ACCESSIBLE	https://riotinto.sharepoint.com/sites/5062575/SitePages/Home.aspx
	ACCESSIBLE	https://riotinto.sharepoint.com/sites/5061389/P0508663
	ACCESSIBLE	https://riotinto.sharepoint.com/sites/5062348/P0508709/Forms/AllItems.aspx
	ACCESSIBLE	https://riotinto.sharepoint.com/sites/5063000/P0508792GBO%20Bulk%20Substation%20Upgrade%20%20Transformer%20Supply/Forms/AllItems.aspx
	ACCESSIBLE	https://riotinto.sharepoint.com/sites/5060293/P0508816/Forms/AllItems.aspx
	404 NOT FOUND	https://riotinto.sharepoint.com/sites/5060714/External%20Collaboration/Forms/AllItems.aspx
	ACCESSIBLE	https://riotinto.sharepoint.com/:f:/r/sites/5033474/Shared%20Documents/P-0509283%207%20Mile%20Transformer%20and%20DB%20Replacement/_Links%20to%20External%20Collaboration%20Sites?csf=1&web=1&e=QsW5iG
	ACCESSIBLE	https://riotinto.sharepoint.com/sites/5062311/P0509309/Forms/AllItems.aspx
	ACCESSIBLE	https://riotinto.sharepoint.com/:f:/r/sites/5061468/P0509338/_External%20Collaboration%20Site%20Links?csf=1&web=1&e=aq40es
	ACCESSIBLE	https://riotinto.sharepoint.com/:f:/r/sites/5033474/Shared%20Documents/P-0509392%20TP%20Bridge%201018%20Impact%20Mitigation?csf=1&web=1&e=xNLklS
	ACCESSIBLE	https://riotinto.sharepoint.com/sites/5060208/Lumina%20Design%20Consultants/Forms/AllItems.aspx
	ACCESSIBLE	https://riotinto.sharepoint.com/sites/5061609/P0510032IMC%20PKKPE%20JV/Forms/AllItems.aspx
	ACCESSIBLE	https://riotinto.sharepoint.com/sites/5060641/P0510052%20%20Tom%20Price%20GCP3000%20LX%20Upgrade%20%20Phase%203/Forms/AllItems.aspx
	ACCESSIBLE	https://riotinto.sharepoint.com/sites/5062163/P0510089
	ACCESSIBLE	https://riotinto.sharepoint.com/sites/5062121/P0510125/Forms/AllItems.aspx
	ACCESSIBLE	https://riotinto.sharepoint.com/sites/5061635/P0510209%20%20Rail%20Response%20Hub%20Upgrade%20%20HI%20HD1%20Emu%20B4
	ACCESSIBLE	https://riotinto.sharepoint.com/sites/5061635/P0510210%20%20Rail%20Response%20Hub%20Upgrade%20%20HI%20Rosella
	ACCESSIBLE	https://riotinto.sharepoint.com/sites/5062541/P0510616/Forms/AllItems.aspx
	ACCESSIBLE	https://riotinto.sharepoint.com/sites/5062785/P0511021/Forms/AllItems.aspx
	ACCESSIBLE	https://riotinto.sharepoint.com/sites/5060641/P0511235/Forms/AllItems.aspx
	ACCESSIBLE	https://riotinto.sharepoint.com/sites/5060208/SitePages/Home.aspx
	ACCESSIBLE	https://riotinto.sharepoint.com/sites/5061570/P0511029/Forms/AllItems.aspx
	ACCESSIBLE	https://riotinto.sharepoint.com/sites/5062429/P0511987/Forms/AllItems.aspx
	ACCESSIBLE	https://riotinto.sharepoint.com/sites/5061401/P0513219MDO%20WFSF%20Recommissioning/Forms/AllItems.aspx
	ACCESSIBLE	https://riotinto.sharepoint.com/sites/5048597/SitePages/SPO-Help-Users%20---%20Hub%20Project%20List.aspx
	ACCESSIBLE	https://riotinto.sharepoint.com/sites/5061440/P0601919West%20AngelasDeposit%20F%20North%20Development/Forms/AllItems.aspx
	ACCESSIBLE	https://riotinto.sharepoint.com/sites/5061926/P0601976/Forms/AllItems.aspx
	ACCESSIBLE	https://riotinto.sharepoint.com/sites/5060293/P0602111/Forms/AllItems.aspx
	ACCESSIBLE	https://riotinto.sharepoint.com/sites/P-0602838WestAngelasSIBins3-5RemediationProject
	ACCESSIBLE	https://riotinto.sharepoint.com/:f:/r/sites/5061507/P0602913/_External%20Collaboration%20Site%20Links?csf=1&web=1&e=tPQHci
	ACCESSIBLE	https://riotinto.sharepoint.com/sites/5060619/P0602913%20%20CLA%20Wharf%20and%20Dolphins%20Structural%20Life%20E/Forms/AllItems.aspx
	ACCESSIBLE	https://riotinto.sharepoint.com/sites/5060293/P0602914/Forms/AllItems.aspx
	ACCESSIBLE	https://riotinto.sharepoint.com/sites/5062820/P0602957/Forms/AllItems.aspx
	ACCESSIBLE	https://riotinto.sharepoint.com/sites/5062575/SitePages/Home.aspx
	ACCESSIBLE	https://riotinto.sharepoint.com/sites/5061401/P0603352/Forms/AllItems.aspx
	ACCESSIBLE	https://riotinto.sharepoint.com/sites/5061718/P0603352/Forms/AllItems.aspx
	ACCESSIBLE	https://riotinto.sharepoint.com/sites/5061718/P0603356WAN%20CEPS%20surplus%20water%20storage/Forms/AllItems.aspx
	ACCESSIBLE	https://riotinto.sharepoint.com/sites/5062977/P0603356WAN%20CEPS%20surplus%20water%20storage/Forms/AllItems.aspx
	ACCESSIBLE	https://riotinto.sharepoint.com/sites/5060555/P0603367%20%20WAN%20Stockyard%20Rail%20End%20of%20Life/Forms/AllItems.aspx
	ACCESSIBLE	https://riotinto.sharepoint.com/sites/5062346/SitePages/Home.aspx
	ACCESSIBLE	https://riotinto.sharepoint.com/:f:/r/sites/5061388/P0603640%20%20Mesa%20J%20TLO%201500%20Bump%20Stop%20Remediation/_Access%20to%20External%20Collaboration%20Sites?csf=1&web=1&e=HVREi7
	ACCESSIBLE	https://riotinto.sharepoint.com/sites/5061395/P0604485%20%20WAN%20Landfill%20Upgrade/Forms/AllItems.aspx
	ACCESSIBLE	https://riotinto.sharepoint.com/sites/5060919/P0605226/Forms/AllItems.aspx
	ACCESSIBLE	https://riotinto.sharepoint.com/sites/5060293/P0605226CLA%20Wharf%20Access%20Roadway/Forms/AllItems.aspx
	ACCESSIBLE	https://riotinto.sharepoint.com/sites/5060293/P0700891%20%20GHD%20SI%20Remediation%20%20Phase%20II/Forms/AllItems.aspx
	ACCESSIBLE	https://riotinto.sharepoint.com/sites/5061401/P0700963HD1%20Dewatering%202025/Forms/AllItems.aspx
	ACCESSIBLE	https://riotinto.sharepoint.com/sites/5048597/Lists/RTIOSCHub%20Projects%20List/00-SCIM%20REQUESTS%20_%203-Migrations%20Pending.aspx
	ACCESSIBLE	https://riotinto.sharepoint.com/sites/5062497/P0701107/Forms/AllItems.aspx
	ACCESSIBLE	https://riotinto.sharepoint.com/sites/5062321/P0701212/Forms/AllItems.aspx
	ACCESSIBLE	https://riotinto.sharepoint.com/sites/5062732/P0701393HD4%20Early%20Tonnes/Forms/AllItems.aspx
	ACCESSIBLE	https://riotinto.sharepoint.com/sites/5062732/P0800159GDI%20Warrie%20Infrastructure/Forms/AllItems.aspx
	ACCESSIBLE	https://riotinto.sharepoint.com/sites/5060656/P0800180GD%20FXP%20Additional%20Water%20Security%207GL/Forms/AllItems.aspx
	ACCESSIBLE	https://riotinto.sharepoint.com/sites/5061389/P0800180/Forms/AllItems.aspx
	ACCESSIBLE	https://riotinto.sharepoint.com/sites/5061891/SitePages/Home.aspx
	ACCESSIBLE	https://riotinto.sharepoint.com/sites/5061380/P0508545%20%20Yandi%20Bina%20Bina%20Haul%20Road/Forms/AllItems.aspx
	ACCESSIBLE	https://riotinto.sharepoint.com/sites/5062264/SitePages/Home.aspx
	ACCESSIBLE	https://riotinto.sharepoint.com/sites/5061619/P0601971%20%20TSF8%20East/Forms/AllItems.aspx
	ACCESSIBLE	https://riotinto.sharepoint.com/sites/5062121/P0510125/Forms/AllItems.aspx
	ACCESSIBLE	https://riotinto.sharepoint.com/sites/5061718/P0604552%20WAN%20Deposit%20E%20West%20Stage%201%203%20and%20FSW/Forms/AllItems.aspx
	ACCESSIBLE	https://riotinto.sharepoint.com/sites/5062121/P0510125/Forms/AllItems.aspx
	ACCESSIBLE	https://riotinto.sharepoint.com/sites/5062121/P0510125/Forms/AllItems.aspx
	ACCESSIBLE	https://riotinto.sharepoint.com/sites/5060641/N0500302BHP%20Quail%20North%20RBS/Forms/AllItems.aspx
	ACCESSIBLE	https://riotinto.sharepoint.com/sites/5062498/N1101629Allied/Forms/AllItems.aspx
	ACCESSIBLE	https://riotinto.sharepoint.com/sites/5062498/N1101629Baru/Forms/AllItems.aspx
	ACCESSIBLE	https://riotinto.sharepoint.com/sites/5062498/N1101629Mono/Forms/AllItems.aspx
	ACCESSIBLE	https://riotinto.sharepoint.com/sites/5061485/P0506587%20%20FSC%20Range/Forms/AllItems.aspx
	ACCESSIBLE	https://riotinto.sharepoint.com/sites/5061485/P0506587%20%20BV/Forms/AllItems.aspx
	ACCESSIBLE	https://riotinto.sharepoint.com/sites/5061485/P0506587%20%20Vertech%20Group/Forms/AllItems.aspx
	ACCESS DENIED	https://riotinto.sharepoint.com/sites/5061485/Austral%20Construction/Forms/AllItems.aspx
	ACCESSIBLE	https://riotinto.sharepoint.com/sites/5062713/P0507253Decmil/Forms/AllItems.aspx
	ACCESSIBLE	https://riotinto.sharepoint.com/sites/5062713/GENUS/Forms/AllItems.aspx
	ACCESSIBLE	https://riotinto.sharepoint.com/sites/5062713/P0507253RSA%20Engineering/Forms/AllItems.aspx
	ACCESSIBLE	https://riotinto.sharepoint.com/sites/5062713/P0507253WSP/Forms/AllItems.aspx
	ACCESSIBLE	https://riotinto.sharepoint.com/sites/5062713/WestWater/Forms/AllItems.aspx
	ACCESSIBLE	https://riotinto.sharepoint.com/sites/5060656/P0507467/Forms/AllItems.aspx
	ACCESSIBLE	https://riotinto.sharepoint.com/sites/5060554/P0507653Tom%20Price%20LV1%20Substation%20Upgrade/Forms/AllItems.aspx?npsAction=createList
	ACCESSIBLE	https://riotinto.sharepoint.com/sites/5060641/P05076612%20Mile%20Relay%20Room%20Power%20Upgrade/Forms/AllItems.aspx
	ACCESSIBLE	https://riotinto.sharepoint.com/sites/5063243/P0507921HDD%20Work%20Over%20Scope/Forms/AllItems.aspx
	ACCESSIBLE	https://riotinto.sharepoint.com/sites/5061401
	ACCESSIBLE	https://riotinto.sharepoint.com/sites/5062923/P0507957Yandi%202024%20Dewatering/Forms/AllItems.aspx
	ACCESSIBLE	https://riotinto.sharepoint.com/sites/5062977/P0508368SGE%20Managed%20Aquifer%20Recharge/Forms/AllItems.aspx
	ACCESSIBLE	https://riotinto.sharepoint.com/sites/5061401/P0508368/Forms/AllItems.aspx
	ACCESSIBLE	https://riotinto.sharepoint.com/sites/5060293/P0508816/Forms/AllItems.aspx
	ACCESSIBLE	https://riotinto.sharepoint.com/sites/5060293/P0509110EII%20Dust%20Collectrors%20Upgrade/Forms/AllItems.aspx
	ACCESSIBLE	https://riotinto.sharepoint.com/sites/5062785/P0511021/Forms/AllItems.aspx
	ACCESSIBLE	https://riotinto.sharepoint.com/sites/5060596/P0511498PPT%20Dust%20Collector%20Upgrades/Forms/AllItems.aspx
	ACCESSIBLE	https://riotinto.sharepoint.com/sites/5062575/CMW%20Geosciences/Forms/AllItems.aspx
	ACCESSIBLE	https://riotinto.sharepoint.com/sites/5062933/P0604571Mesa%20A%20TSF2/Forms/AllItems.aspx
	ACCESSIBLE	https://riotinto.sharepoint.com/sites/5062933/P0700886HD4%20A3%20TSF%20Pipeline%20Relocation/Forms/AllItems.aspx
	ACCESSIBLE	https://riotinto.sharepoint.com/sites/5060554/P0701002HD4%20Dewatering%202026/Forms/AllItems.aspx
	ACCESSIBLE	https://riotinto.sharepoint.com/sites/5061898/P0701011HD1%20Screenhouse%20Dust%20Collector%20Upgrades/Forms/AllItems.aspx
	ACCESSIBLE	https://riotinto.sharepoint.com/sites/5063284/P0701393HD4%20Early%20Tonnes/Forms/AllItems.aspx
	ACCESSIBLE	https://riotinto.sharepoint.com/sites/5063129/P0701393HD4%20Operations%20Sustaining%20Project/Forms/AllItems.aspx
	ACCESSIBLE	https://riotinto.sharepoint.com/sites/5061718/P0701393HD4%20Early%20Tonnes/Forms/AllItems.aspx
	ACCESSIBLE	https://riotinto.sharepoint.com/sites/5062498/N1101629Sodexo/Forms/AllItems.aspx
	ACCESSIBLE	https://riotinto.sharepoint.com/sites/5062498/N1101629Land%20Surveys/Forms/AllItems.aspx
	ACCESSIBLE	https://riotinto.sharepoint.com/sites/5063311/N1101629Greater%20Rhodes%20Ridge%20Camp%20and%20Roads/Forms/AllItems.aspx
	ACCESSIBLE	https://riotinto.sharepoint.com/sites/5062498/N1101629Pritchard/Forms/AllItems.aspx
	ACCESSIBLE	https://riotinto.sharepoint.com/sites/5063395/N1102157Bakers%20Hill%20Stage%202/Forms/AllItems.aspx
	ACCESSIBLE	https://riotinto.sharepoint.com/sites/5063284/P0504730WR%20Camp%20Decomissioning/Forms/AllItems.aspx?npsAction=createList
	ACCESSIBLE	https://riotinto.sharepoint.com/sites/5060554/P0508368SGE%20Managed%20Aquifer%20Recharge/Forms/AllItems.aspx
	ACCESSIBLE	https://riotinto.sharepoint.com/sites/5060613/P0508471Silvergrass%20Levee/Forms/AllItems.aspx
	ACCESS DENIED	https://riotinto.sharepoint.com/sites/5063314/P0508792GBO%20Bulk%20Substation%20Upgrade%20220KV/Forms/AllItems.aspx
	ACCESSIBLE	https://riotinto.sharepoint.com/sites/5063328
	ACCESSIBLE	https://riotinto.sharepoint.com/sites/5061609/P0510101Minprovise/Forms/AllItems.aspx
	ACCESSIBLE	https://riotinto.sharepoint.com/sites/5060890/P0511987220kV%20Transmission%20Line%20Relocation/Forms/AllItems.aspx
	ACCESSIBLE	https://riotinto.sharepoint.com/sites/5061727/P0512908YDI%20TLO1%20Structural%20Restoration/Forms/AllItems.aspx
	ACCESSIBLE	https://riotinto.sharepoint.com/sites/5060652/P0603646Mesa%20J%20FXP%20SZ01%20Upgrade/Forms/AllItems.aspx
	ACCESSIBLE	https://riotinto.sharepoint.com/sites/5061891/SitePages/Home.aspx
	ACCESSIBLE	https://riotinto.sharepoint.com/sites/5060208/SitePages/Home.aspx
	ACCESSIBLE	https://riotinto.sharepoint.com/sites/5062731/SitePages/Home.aspx
	ACCESSIBLE	https://riotinto.sharepoint.com/sites/5062264/SitePages/Home.aspx
	ACCESSIBLE	https://riotinto.sharepoint.com/sites/5061637/SitePages/Home.aspx
	ACCESS DENIED	https://riotinto.sharepoint.com/sites/5061599/SitePages/Home.aspx
	ACCESSIBLE	https://riotinto.sharepoint.com/sites/5061584/SitePages/Home.aspx
	ACCESSIBLE	https://riotinto.sharepoint.com/sites/5061609/SitePages/Home.aspx#p-0506287-b4-an-facility-relocation
	ACCESSIBLE	https://riotinto.sharepoint.com/sites/5061609/SitePages/Home.aspx#p-0507771-b4-marra-mamba-dewatering
	ACCESSIBLE	https://riotinto.sharepoint.com/sites/5060960/SitePages/Home.aspx
	ACCESSIBLE	https://riotinto.sharepoint.com/sites/5060956/SitePages/Home.aspx
	ACCESSIBLE	https://riotinto.sharepoint.com/sites/5060957/SitePages/Home.aspx
	ACCESSIBLE	https://riotinto.sharepoint.com/sites/RoadTrain/SitePages/Home.aspx
	ACCESSIBLE	https://riotinto.sharepoint.com/sites/5061454/SitePages/Home.aspx
	ACCESSIBLE	https://riotinto.sharepoint.com/sites/5062878/SitePages/Home.aspx
	ACCESSIBLE	https://riotinto.sharepoint.com/sites/5062878/P0509360Agilitus/Forms/AllItems.aspx
	ACCESSIBLE	https://riotinto.sharepoint.com/sites/5061609/SitePages/Home.aspx#p-0510101-b4-marra-mamba-fixed-plant-upgrades
	ACCESSIBLE	https://riotinto.sharepoint.com/sites/5061609/SitePages/Home.aspx#p-0510128-b4-marra-mamba-and-endeavour-expansion-pfs
	ACCESSIBLE	https://riotinto.sharepoint.com/sites/P-0602838WestAngelasSIBins3-5RemediationProject/Shared Documents/General/?csf=1&web=1&e=UDC6Ja
	ACCESSIBLE	https://riotinto.sharepoint.com/sites/5062346/SitePages/Home.aspx
	ACCESSIBLE	https://riotinto.sharepoint.com/sites/5061480/SitePages/ProjectHome.aspx
	ACCESSIBLE	https://riotinto.sharepoint.com/sites/5062345/SitePages/Home.aspx
	ACCESSIBLE	https://riotinto.sharepoint.com/sites/5062814/P0512731WSP/Forms/AllItems.aspx
	ACCESSIBLE	https://riotinto.sharepoint.com/sites/5062814/SitePages/Home.aspx
	ACCESSIBLE	https://riotinto.sharepoint.com/sites/5061190/SitePages/Home.aspx
	ACCESSIBLE	https://riotinto.sharepoint.com/sites/5062738/SitePages/Home.aspx
	ACCESSIBLE	https://riotinto.sharepoint.com/sites/5061904/SitePages/Home.aspx
	ACCESSIBLE	https://riotinto.sharepoint.com/sites/5061485/SitePages/Home.aspx
	ACCESSIBLE	https://riotinto.sharepoint.com/sites/5062093/SitePages/Home.aspx
	ACCESSIBLE	https://riotinto.sharepoint.com/sites/5061239/SitePages/Home.aspx
	ACCESSIBLE	https://riotinto.sharepoint.com/sites/5062348/SitePages/Home.aspx
	ACCESSIBLE	https://riotinto.sharepoint.com/sites/5060641/SitePages/ProjectHome.aspx
	ACCESS DENIED	https://riotinto.sharepoint.com/sites/5060908
	ACCESSIBLE	https://riotinto.sharepoint.com/sites/5062498/SitePages/Home.aspx
	ACCESSIBLE	https://riotinto.sharepoint.com/sites/5062713/SitePages/Home.aspx
	ACCESSIBLE	https://riotinto.sharepoint.com/sites/5062434/SitePages/Home.aspx
	ACCESSIBLE	https://riotinto.sharepoint.com/sites/5062575/SitePages/Home.aspx
	ACCESSIBLE	https://riotinto.sharepoint.com/sites/5061077/SitePages/Home.aspx
	ACCESSIBLE	https://riotinto.sharepoint.com/sites/5062882/SitePages/Home.aspx
	ACCESSIBLE	https://riotinto.sharepoint.com/sites/5061316/SitePages/Home.aspx
	ACCESSIBLE	https://riotinto.sharepoint.com/sites/5062124/SitePages/Home.aspx
	ACCESSIBLE	https://riotinto.sharepoint.com/sites/5061288/SitePages/Home.aspx
	ACCESSIBLE	https://riotinto.sharepoint.com/sites/5062775/SitePages/Home.aspx
	ACCESSIBLE	https://riotinto.sharepoint.com/sites/5061626/SitePages/Home.aspx
	ACCESSIBLE	https://riotinto.sharepoint.com/sites/5062121/SitePages/Home.aspx
	ACCESSIBLE	https://riotinto.sharepoint.com/sites/5062593/SitePages/Home.aspx
	ACCESSIBLE	https://riotinto.sharepoint.com/sites/5060596/SitePages/Home.aspx
	ACCESSIBLE	https://riotinto.sharepoint.com/sites/5062440/SitePages/Home.aspx
	ACCESSIBLE	https://riotinto.sharepoint.com/sites/5062818/SitePages/Home.aspx
	ACCESSIBLE	https://riotinto.sharepoint.com/sites/5061975/SitePages/Home.aspx
	ACCESSIBLE	https://riotinto.sharepoint.com/sites/5060554/SitePages/ProjectHome.aspx
	ACCESSIBLE	https://riotinto.sharepoint.com/sites/5061408/SitePages/Home.aspx
	ACCESSIBLE	https://riotinto.sharepoint.com/sites/5062435/SitePages/Home.aspx
	ACCESSIBLE	https://riotinto.sharepoint.com/sites/5062344/SitePages/Home.aspx
	ACCESSIBLE	https://riotinto.sharepoint.com/sites/5061839/SitePages/Home.aspx
	ACCESSIBLE	https://riotinto.sharepoint.com/sites/5062528/SitePages/Home.aspx
	ACCESSIBLE	https://riotinto.sharepoint.com/sites/5060652/SitePages/ProjectHome.aspx
	ACCESSIBLE	https://riotinto.sharepoint.com/sites/5062497/SitePages/Home.aspx
	ACCESSIBLE	https://riotinto.sharepoint.com/sites/5062819/SitePages/Home.aspx
	ACCESSIBLE	https://riotinto.sharepoint.com/sites/5060893/SitePages/ProjectHome.aspx
	ACCESSIBLE	https://riotinto.sharepoint.com/sites/5061718/SitePages/Home.aspx
	ACCESSIBLE	https://riotinto.sharepoint.com/sites/5062328/P0505142/Forms/AllItems.aspx
	ACCESSIBLE	https://riotinto.sharepoint.com/sites/5062306/SitePages/Home.aspx
	ACCESSIBLE	https://riotinto.sharepoint.com/sites/5061158/SitePages/Home.aspx
	ACCESSIBLE	https://riotinto.sharepoint.com/sites/5060783/SitePages/ProjectHome.aspx
	ACCESSIBLE	https://riotinto.sharepoint.com/sites/5062785/SitePages/Home.aspx
	ACCESSIBLE	https://riotinto.sharepoint.com/sites/5061570/SitePages/Home.aspx
	ACCESSIBLE	https://riotinto.sharepoint.com/sites/5062311/SitePages/Home.aspx
	ACCESSIBLE	https://riotinto.sharepoint.com/sites/5062125/SitePages/Home.aspx
	ACCESSIBLE	https://riotinto.sharepoint.com/sites/5060600/SitePages/ProjectHome.aspx
	ACCESSIBLE	https://riotinto.sharepoint.com/sites/5062033/SitePages/Home.aspx
	ACCESSIBLE	https://riotinto.sharepoint.com/sites/5062732/SitePages/Home.aspx
	ACCESSIBLE	https://riotinto.sharepoint.com/sites/5060609/SitePages/ProjectHome.aspx
	ACCESSIBLE	https://riotinto.sharepoint.com/sites/5060890/SitePages/ProjectHome.aspx
	ACCESSIBLE	https://riotinto.sharepoint.com/sites/5061484/SitePages/Home.aspx
	ACCESSIBLE	https://riotinto.sharepoint.com/sites/5061467/SitePages/Home.aspx
	ACCESSIBLE	https://riotinto.sharepoint.com/sites/5061380/SitePages/Home.aspx
	ACCESSIBLE	https://riotinto.sharepoint.com/sites/5061475/SitePages/Home.aspx
	ACCESSIBLE	https://riotinto.sharepoint.com/sites/5062163/SitePages/Home.aspx
	ACCESSIBLE	https://riotinto.sharepoint.com/sites/5061619/SitePages/Home.aspx
	ACCESSIBLE	https://riotinto.sharepoint.com/sites/5061433/SitePages/Home.aspx
	ACCESSIBLE	https://riotinto.sharepoint.com/sites/5061727/SitePages/Home.aspx
	ACCESSIBLE	https://riotinto.sharepoint.com/sites/5062243/SitePages/Home.aspx
	ACCESSIBLE	https://riotinto.sharepoint.com/sites/5061203/SitePages/Home.aspx
	ACCESSIBLE	https://riotinto.sharepoint.com/sites/5061898/SitePages/Home.aspx
	ACCESSIBLE	https://riotinto.sharepoint.com/sites/5061622/SitePages/Home.aspx
	ACCESSIBLE	https://riotinto.sharepoint.com/sites/5060751/SitePages/Home.aspx
	ACCESSIBLE	https://riotinto.sharepoint.com/sites/5062541/SitePages/Home.aspx
	ACCESS DENIED	https://riotinto.sharepoint.com/sites/5061486/SitePages/Home.aspx
	ACCESSIBLE	https://riotinto.sharepoint.com/sites/5062382/SitePages/Home.aspx
	ACCESSIBLE	https://riotinto.sharepoint.com/sites/5060293/SitePages/Home.aspx
	ACCESSIBLE	https://riotinto.sharepoint.com/sites/5061701/SitePages/Home.aspx
	ACCESSIBLE	https://riotinto.sharepoint.com/sites/5061440/SitePages/ProjectHome.aspx
	ACCESSIBLE	https://riotinto.sharepoint.com/sites/5061765/SitePages/Home.aspx
	ACCESSIBLE	https://riotinto.sharepoint.com/sites/5061677/SitePages/Home.aspx
	ACCESSIBLE	https://riotinto.sharepoint.com/sites/5061635/SitePages/Home.aspx
	ACCESSIBLE	https://riotinto.sharepoint.com/sites/5062429/SitePages/Home.aspx
	ACCESSIBLE	https://riotinto.sharepoint.com/sites/5061703/SitePages/Home.aspx
	ACCESSIBLE	https://riotinto.sharepoint.com/sites/5062321/SitePages/Home.aspx
	ACCESSIBLE	https://riotinto.sharepoint.com/sites/5060656/SitePages/ProjectHome.aspx
	ACCESSIBLE	https://riotinto.sharepoint.com/sites/5062488/SitePages/Home.aspx
	ACCESSIBLE	https://riotinto.sharepoint.com/sites/5062448/SitePages/Home.aspx
	ACCESSIBLE	https://riotinto.sharepoint.com/sites/5061702/SitePages/Home.aspx
	ACCESSIBLE	https://riotinto.sharepoint.com/sites/5060611/SitePages/ProjectHome.aspx
	ACCESSIBLE	https://riotinto.sharepoint.com/sites/5060736/SitePages/ProjectHome.aspx
	ACCESSIBLE	https://riotinto.sharepoint.com/sites/5061374/SitePages/Home.aspx
	ACCESSIBLE	https://riotinto.sharepoint.com/sites/5060613/SitePages/ProjectHome.aspx
	ACCESSIBLE	https://riotinto.sharepoint.com/sites/5060894/SitePages/ProjectHome.aspx
	ACCESSIBLE	https://riotinto.sharepoint.com/sites/5060977/SitePages/Home.aspx
	ACCESSIBLE	https://riotinto.sharepoint.com/sites/5062820/SitePages/Home.aspx
	ACCESSIBLE	https://riotinto.sharepoint.com/sites/5061849/SitePages/Home.aspx
	ACCESSIBLE	https://riotinto.sharepoint.com/sites/5062100/SitePages/Home.aspx
	ACCESSIBLE	https://riotinto.sharepoint.com/sites/5061926/SitePages/Home.aspx
	ACCESSIBLE	https://riotinto.sharepoint.com/sites/5061401/SitePages/Home.aspx
	ACCESSIBLE	https://riotinto.sharepoint.com/sites/5061311/SitePages/Home.aspx
	ACCESSIBLE	https://riotinto.sharepoint.com/sites/5061360/SitePages/Home.aspx
	ACCESSIBLE	https://riotinto.sharepoint.com/sites/5060619/SitePages/Home.aspx
	ACCESSIBLE	https://riotinto.sharepoint.com/sites/5061223/SitePages/Home.aspx
	ACCESSIBLE	https://riotinto.sharepoint.com/sites/5062338/SitePages/Home.aspx
	ACCESSIBLE	https://riotinto.sharepoint.com/sites/5060651/SitePages/ProjectHome.aspx
